Algorithm, Params, TTR, L, E

greedy, - ,0.1333,4.4270,338.9528294

NOTE, -, 0.0000, 4.1504, 337.5961479

T-NOTE, -, 0.0000, 3.6626, 317.0230316
