Algorithm, Params, TTR, L, E

Random, - ,14.2111, 20.8932, 238.2744308
Round Robin, - ,14.9778, 18.3637, 239.8720934

Greedy, - ,0.1889,4.3936,338.6652729

MLP, -, 0.1111, 4.3315, 348.9158234
NOTE, -, 0.0000, 4.1504, 337.5961479
T-NOTE, -, 0.0000, 3.6626, 317.0230316
